,rmse,mae,accuracy
AAPL,2.0538469054935145,1.5963147170510104,0.9906168262169041
