,rmse,mae,accuracy
AMZN,2.4791658782854786,1.879338791998628,0.9842895784748132
