,rmse,mae,accuracy
BAC,0.46599308770029585,0.3470911319453923,0.98774700908784
