,rmse,mae,accuracy
C,0.6664859114402619,0.48242826920770443,0.9887559460181328
