,rmse,mae,accuracy
GOOGL,2.165589900312992,1.6100299800101754,0.9862375308796516
