,rmse,mae,accuracy
GS,6.156096132768302,4.6107867334464725,0.985643113609396
