,rmse,mae,accuracy
JNJ,1.5666320443580244,1.0657922090193506,0.9929580074903929
