,rmse,mae,accuracy
JPM,1.6639859537469335,1.233971832039834,0.9909004506353493
