,rmse,mae,accuracy
MSFT,4.688587931662087,3.689183358284231,0.9879735861298263
