,rmse,mae,accuracy
TSLA,9.16588353825537,7.049931249057558,0.9678870101995973
