,rmse,mae,accuracy
WFC,0.6765402317083281,0.5070451977567636,0.9873690684155787
